{"cameraMode":{"drawMode":0,"name":"Shaded","section":"Shading Mode"},"sceneLighting":true,"audioPlay":false,"sceneViewState":{"m_AlwaysRefresh":false,"showFog":true,"showSkybox":true,"showFlares":true,"showImageEffects":true,"showParticleSystems":true,"showVisualEffectGraphs":true,"m_FxEnabled":true},"in2DMode":false,"pivot":{"x":104.12822723388672,"y":-35.716007232666019,"z":108.5836181640625},"rotation":{"x":0.2710758447647095,"y":0.04533993452787399,"z":-0.012809650972485543,"w":0.9614586234092712},"size":40.11677932739258,"orthographic":false}