{"cameraMode":{"drawMode":0,"name":"Shaded","section":"Shading Mode"},"sceneLighting":true,"audioPlay":false,"sceneViewState":{"m_AlwaysRefresh":false,"showFog":true,"showSkybox":true,"showFlares":true,"showImageEffects":true,"showParticleSystems":true,"showVisualEffectGraphs":true,"m_FxEnabled":true},"in2DMode":false,"pivot":{"x":100.06058502197266,"y":1.2885191440582276,"z":45.443267822265628},"rotation":{"x":-0.13873867690563203,"y":-0.09348028898239136,"z":0.013172125443816185,"w":-0.9858753681182861},"size":12.099803924560547,"orthographic":false}